576089,Jimmy,Herzog,Female,27/02/1985,5203004,Zambia
537267,Edyth,Marquardt,Female,11/02/1981,5203004,Montenegro
510079,Heath,Deckow,Female,26/03/1985,5203004,China
548125,Eileen,Hand,Female,27/04/1980,5203004,Eritrea
577601,Hobart,Kassulke,Male,17/03/1983,5203004,Sweden
584305,Maureen,Jakubowski,Male,29/10/1986,5203004,Sweden
519927,Jazmyne,Harber,Female,19/02/1981,5203004,Montenegro
584028,Nettie,Gottlieb,Female,24/01/1988,5203004,Ethiopia
582871,Raina,Dietrich,Male,24/05/1983,5203004,Sweden
521158,Mandy,Murphy,Female,22/12/1987,5203004,Singapore
552459,Brain,Lynch,Male,24/02/1981,5203004,Zambia
510998,Marcos,Schaefer,Male,29/11/1983,5203004,Azerbaijan
533003,Giovanny,Fisher,Female,29/06/1986,5203004,Chile
557536,Ola,Thiel,Male,11/11/1983,5203004,Singapore
533712,Bria,Keebler,Female,08/08/1985,5203004,Singapore
519238,Greta,Marquardt,Male,30/05/1985,5203004,Singapore
580547,Emmie,Leffler,Female,24/06/1983,5203004,Uzbekistan
585380,Brent,Goldner,Female,04/10/1986,5203004,Monaco
593729,Bria,Keebler,Male,28/03/1980,5203004,Monaco
514750,Glenna,Sauer,Male,02/12/1981,5203004,Indonesia
515401,Darrel,Pacocha,Female,22/07/1980,5203004,Canada
521495,Bonita,Pollich,Male,16/11/1986,5203004,Eritrea
535922,Erling,Bahringer,Female,05/08/1986,5203004,Austria
560076,Jeanette,Balistreri,Male,14/01/1982,5203004,Nigeria
512225,Mozell,Mills,Male,06/01/1984,5203004,Mexico
592349,Milan,Beer,Male,19/10/1982,5203004,Monaco
566892,Casimer,Mueller,Female,27/09/1985,5203004,Ethiopia
548970,Lazaro,Luettgen,Male,24/05/1983,5203004,Canada
517608,Abigail,Oberbrunner,Male,27/03/1981,5203004,Poland
514409,Lera,Wintheiser,Male,06/10/1981,5203004,Eritrea
575046,Elisa,Schuster,Male,30/05/1983,5203004,Panama
576705,Garett,Wiegand,Female,29/01/1982,5203004,Canada
527839,Josefa,Runte,Male,21/06/1987,5203004,Montenegro
591178,Clifford,Hodkiewicz,Female,06/05/1987,5203004,Greenland
560625,Sheldon,Price,Male,20/12/1984,5203004,Serbia
541018,Jennie,Stamm,Female,07/03/1981,5203004,Serbia
559855,Easter,Ryan,Male,08/01/1987,5203004,Azerbaijan
509037,Carole,Bode,Male,04/06/1980,5203004,Azerbaijan